file,isDog,howl,bark,
dog_barking_33.audio_split0.wav,1,1,0,
dog_barking_33.audio_split1.wav,1,0,1,
dog_barking_86.audio_split0.wav,1,0,1,
dog_barking_45.audio_split0.wav,1,1,0,
dog_barking_76.audio_split0.wav,1,0,1,
dog_barking_76.audio_split1.wav,1,1,1,
dog_barking_4.audio_split0.wav,1,0,1,
dog_barking_4.audio_split1.wav,1,0,1,
dog_barking_6.audio_split0.wav,0,0,0,
dog_barking_6.audio_split1.wav,1,0,1,
dog_barking_6.audio_split2.wav,1,0,1,
dog_barking_6.audio_split3.wav,1,0,1,
dog_barking_6.audio_split4.wav,1,0,1,
dog_barking_6.audio_split5.wav,1,0,1,
dog_barking_6.audio_split6.wav,1,0,1,
dog_barking_6.audio_split7.wav,1,0,1,
dog_barking_55.audio_split0.wav,1,1,0,
dog_barking_58.audio_split0.wav,1,1,0,
dog_barking_95.audio_split0.wav,1,0,1,
dog_barking_95.audio_split1.wav,1,0,1,
dog_barking_95.audio_split2.wav,1,0,1,
dog_barking_74.audio_split0.wav,1,1,1,
dog_barking_72.audio_split0.wav,1,1,1,
dog_barking_20.audio_split0.wav,1,1,0,
dog_barking_20.audio_split1.wav,1,0,1,
dog_barking_20.audio_split2.wav,1,0,1,
dog_barking_20.audio_split3.wav,1,0,1,
dog_barking_20.audio_split4.wav,1,0,1,
dog_barking_20.audio_split5.wav,1,0,1,
dog_barking_99.audio_split0.wav,1,0,1,
dog_barking_99.audio_split1.wav,1,0,1,
dog_barking_99.audio_split2.wav,1,0,1,
dog_barking_99.audio_split3.wav,1,0,1,
dog_barking_99.audio_split4.wav,1,0,1,
dog_barking_99.audio_split5.wav,1,0,1,
dog_barking_99.audio_split6.wav,1,0,1,
dog_barking_99.audio_split7.wav,1,0,1,
dog_barking_99.audio_split8.wav,1,0,1,
dog_barking_37.audio_split0.wav,1,1,0,
dog_barking_89.audio_split0.wav,1,0,1,
dog_barking_105.audio_split0.wav,1,0,1,
dog_barking_105.audio_split1.wav,1,0,1,
dog_barking_105.audio_split2.wav,1,0,1,
dog_barking_53.audio_split0.wav,1,1,0,
dog_barking_2.audio_split0.wav,1,0,1,
dog_barking_2.audio_split1.wav,1,0,1,
dog_barking_2.audio_split2.wav,1,0,1,
dog_barking_2.audio_split3.wav,1,0,1,
dog_barking_2.audio_split4.wav,1,0,1,
dog_barking_2.audio_split5.wav,1,0,1,
dog_barking_2.audio_split6.wav,1,0,1,
dog_barking_2.audio_split7.wav,1,0,1,
dog_barking_2.audio_split8.wav,1,0,1,
dog_barking_2.audio_split9.wav,1,0,1,
dog_barking_2.audio_split10.wav,1,0,1,
dog_barking_2.audio_split11.wav,1,0,1,
dog_barking_7.audio_split0.wav,1,0,1,
dog_barking_7.audio_split1.wav,1,0,1,
dog_barking_7.audio_split2.wav,1,0,1,
dog_barking_7.audio_split3.wav,1,0,1,
dog_barking_80.audio_split0.wav,1,1,0,
dog_barking_75.audio_split0.wav,1,1,1,
dog_barking_59.audio_split0.wav,1,1,0,
dog_barking_25.audio_split0.wav,0,0,0,
dog_barking_25.audio_split1.wav,0,0,0,
dog_barking_25.audio_split2.wav,0,0,0,
dog_barking_25.audio_split3.wav,0,0,0,
dog_barking_25.audio_split4.wav,0,0,0,
dog_barking_68.audio_split0.wav,1,1,0,
dog_barking_90.audio_split0.wav,1,0,0,
dog_barking_90.audio_split1.wav,1,0,1,
dog_barking_90.audio_split2.wav,1,0,1,
dog_barking_90.audio_split3.wav,1,0,1,
dog_barking_90.audio_split4.wav,1,0,1,
dog_barking_90.audio_split5.wav,1,0,1,
dog_barking_90.audio_split6.wav,1,0,1,
dog_barking_90.audio_split7.wav,1,0,1,
dog_barking_90.audio_split8.wav,1,0,1,
dog_barking_90.audio_split9.wav,1,0,1,
dog_barking_90.audio_split10.wav,1,0,1,
dog_barking_90.audio_split11.wav,1,0,1,
dog_barking_90.audio_split12.wav,1,0,1,
dog_barking_84.audio_split0.wav,1,0,1,
dog_barking_84.audio_split1.wav,1,1,1,
dog_barking_102.audio_split0.wav,0,0,0,
dog_barking_102.audio_split1.wav,0,0,0,
dog_barking_102.audio_split2.wav,0,0,0,
dog_barking_102.audio_split3.wav,1,0,1,
dog_barking_29.audio_split0.wav,1,1,0,
dog_barking_27.audio_split0.wav,1,0,1,
dog_barking_27.audio_split1.wav,1,0,1,
dog_barking_91.audio_split0.wav,1,0,1,
dog_barking_91.audio_split1.wav,1,0,1,
dog_barking_91.audio_split2.wav,1,0,1,
dog_barking_91.audio_split3.wav,1,0,1,
dog_barking_91.audio_split4.wav,1,0,1,
dog_barking_91.audio_split5.wav,1,0,1,
dog_barking_91.audio_split6.wav,1,0,1,
dog_barking_91.audio_split7.wav,1,0,1,
dog_barking_91.audio_split8.wav,1,0,1,
dog_barking_91.audio_split9.wav,1,0,1,
dog_barking_91.audio_split10.wav,1,0,1,
dog_barking_91.audio_split11.wav,1,0,1,
dog_barking_91.audio_split12.wav,1,0,1,
dog_barking_91.audio_split13.wav,1,0,1,
dog_barking_91.audio_split14.wav,1,0,1,
dog_barking_91.audio_split15.wav,1,0,1,
dog_barking_91.audio_split16.wav,1,0,1,
dog_barking_91.audio_split17.wav,1,0,1,
dog_barking_17.audio_split0.wav,1,0,1,
dog_barking_17.audio_split1.wav,1,0,1,
dog_barking_17.audio_split2.wav,1,0,1,
dog_barking_17.audio_split3.wav,1,0,1,
dog_barking_17.audio_split4.wav,0,0,0,
dog_barking_13.audio_split0.wav,1,0,1,
dog_barking_13.audio_split1.wav,1,0,1,
dog_barking_13.audio_split2.wav,1,0,1,
dog_barking_13.audio_split3.wav,1,0,1,
dog_barking_13.audio_split4.wav,1,0,1,
dog_barking_13.audio_split5.wav,1,0,1,
dog_barking_13.audio_split6.wav,1,0,1,
dog_barking_85.audio_split0.wav,1,1,0,
dog_barking_79.audio_split0.wav,1,1,0,
dog_barking_24.audio_split0.wav,1,0,1,
dog_barking_24.audio_split1.wav,1,0,1,
dog_barking_66.audio_split0.wav,1,1,1,
dog_barking_110.audio_split0.wav,1,0,1,
dog_barking_110.audio_split1.wav,1,0,1,
dog_barking_110.audio_split2.wav,1,0,1,
dog_barking_110.audio_split3.wav,0,0,0,
dog_barking_110.audio_split4.wav,1,0,1,
dog_barking_110.audio_split5.wav,1,0,1,
dog_barking_110.audio_split6.wav,1,0,1,
dog_barking_110.audio_split7.wav,0,0,0,
dog_barking_110.audio_split8.wav,1,0,1,
dog_barking_88.audio_split0.wav,1,0,1,
dog_barking_88.audio_split1.wav,1,0,1,
dog_barking_22.audio_split0.wav,1,0,1,
dog_barking_101.audio_split0.wav,1,0,1,
dog_barking_101.audio_split1.wav,1,0,1,
dog_barking_101.audio_split2.wav,1,0,1,
dog_barking_101.audio_split3.wav,1,0,1,
dog_barking_101.audio_split4.wav,1,0,1,
dog_barking_98.audio_split0.wav,1,0,1,
dog_barking_98.audio_split1.wav,0,0,0,
dog_barking_98.audio_split2.wav,1,0,1,
dog_barking_98.audio_split3.wav,0,0,0,
dog_barking_98.audio_split4.wav,1,0,1,
dog_barking_98.audio_split5.wav,0,0,0,
dog_barking_36.audio_split0.wav,1,1,0,
dog_barking_23.audio_split0.wav,1,0,1,
dog_barking_23.audio_split1.wav,1,0,1,
dog_barking_23.audio_split2.wav,1,0,1,
dog_barking_23.audio_split3.wav,1,0,1,
dog_barking_23.audio_split4.wav,1,0,1,
dog_barking_23.audio_split5.wav,1,0,1,
dog_barking_16.audio_split0.wav,1,0,1,
dog_barking_16.audio_split1.wav,1,0,1,
dog_barking_16.audio_split2.wav,1,0,1,
dog_barking_46.audio_split0.wav,1,1,0,
dog_barking_30.audio_split0.wav,1,1,0,
dog_barking_30.audio_split1.wav,1,0,1,
dog_barking_14.audio_split0.wav,1,0,1,
dog_barking_14.audio_split1.wav,1,0,1,
dog_barking_14.audio_split2.wav,1,0,1,
dog_barking_14.audio_split3.wav,1,0,1,
dog_barking_14.audio_split4.wav,1,0,1,
dog_barking_14.audio_split5.wav,1,0,1,
dog_barking_14.audio_split6.wav,1,0,1,
dog_barking_14.audio_split7.wav,1,0,1,
dog_barking_62.audio_split0.wav,1,1,0,
dog_barking_83.audio_split0.wav,1,1,0,
dog_barking_31.audio_split0.wav,1,1,0,
dog_barking_56.audio_split0.wav,1,1,0,
dog_barking_87.audio_split0.wav,1,0,1,
dog_barking_87.audio_split1.wav,1,0,1,
dog_barking_87.audio_split2.wav,1,0,1,
dog_barking_87.audio_split3.wav,1,0,1,
dog_barking_12.audio_split0.wav,1,0,1,
dog_barking_12.audio_split1.wav,1,0,1,
dog_barking_19.audio_split0.wav,1,1,0,
dog_barking_19.audio_split1.wav,1,1,0,
dog_barking_49.audio_split0.wav,1,1,0,
dog_barking_111.audio_split0.wav,0,0,0,
dog_barking_67.audio_split0.wav,1,1,0,
dog_barking_41.audio_split0.wav,1,1,0,
dog_barking_97.audio_split0.wav,1,0,0,
dog_barking_97.audio_split1.wav,1,0,0,
dog_barking_97.audio_split2.wav,1,0,0,
dog_barking_97.audio_split3.wav,1,0,0,
dog_barking_97.audio_split4.wav,1,0,0,
dog_barking_97.audio_split5.wav,1,0,0,
dog_barking_97.audio_split6.wav,1,0,0,
dog_barking_97.audio_split7.wav,1,0,0,
dog_barking_97.audio_split8.wav,1,0,0,
dog_barking_97.audio_split9.wav,1,0,0,
dog_barking_97.audio_split10.wav,1,0,0,
dog_barking_97.audio_split11.wav,1,0,0,
dog_barking_97.audio_split12.wav,1,0,0,
dog_barking_97.audio_split13.wav,1,0,0,
dog_barking_0.audio_split0.wav,1,0,0,
dog_barking_0.audio_split1.wav,1,0,0,
dog_barking_0.audio_split2.wav,1,0,0,
dog_barking_0.audio_split3.wav,1,0,0,
dog_barking_0.audio_split4.wav,1,0,0,
dog_barking_0.audio_split5.wav,1,0,0,
dog_barking_0.audio_split6.wav,1,0,0,
dog_barking_0.audio_split7.wav,1,0,0,
dog_barking_0.audio_split8.wav,1,0,0,
dog_barking_0.audio_split9.wav,1,0,0,
dog_barking_0.audio_split10.wav,1,0,0,
dog_barking_0.audio_split11.wav,1,0,0,
dog_barking_0.audio_split12.wav,1,0,0,
dog_barking_0.audio_split13.wav,1,0,0,
dog_barking_0.audio_split14.wav,1,0,0,
dog_barking_0.audio_split15.wav,1,0,0,
dog_barking_0.audio_split16.wav,1,0,0,
dog_barking_0.audio_split17.wav,1,0,0,
dog_barking_93.audio_split0.wav,1,0,0,
dog_barking_93.audio_split1.wav,1,0,0,
dog_barking_93.audio_split2.wav,1,0,0,
dog_barking_93.audio_split3.wav,1,0,0,
dog_barking_93.audio_split4.wav,1,0,0,
dog_barking_10.audio_split0.wav,1,0,0,
dog_barking_10.audio_split1.wav,1,0,0,
dog_barking_10.audio_split2.wav,1,0,0,
dog_barking_10.audio_split3.wav,1,0,0,
dog_barking_26.audio_split0.wav,1,0,0,
dog_barking_26.audio_split1.wav,1,0,0,
dog_barking_26.audio_split2.wav,1,0,0,
dog_barking_26.audio_split3.wav,1,0,0,
dog_barking_26.audio_split4.wav,1,0,0,
dog_barking_26.audio_split5.wav,1,0,0,
dog_barking_26.audio_split6.wav,1,0,0,
dog_barking_26.audio_split7.wav,1,0,0,
dog_barking_28.audio_split0.wav,1,0,0,
dog_barking_28.audio_split1.wav,1,0,0,
dog_barking_28.audio_split2.wav,1,0,0,
dog_barking_28.audio_split3.wav,1,0,0,
dog_barking_28.audio_split4.wav,1,0,0,
dog_barking_28.audio_split5.wav,1,0,0,
dog_barking_28.audio_split6.wav,1,0,0,
dog_barking_28.audio_split7.wav,1,0,0,
dog_barking_28.audio_split8.wav,1,0,0,
dog_barking_28.audio_split9.wav,1,0,0,
dog_barking_28.audio_split10.wav,1,0,0,
dog_barking_28.audio_split11.wav,1,0,0,
dog_barking_28.audio_split12.wav,1,0,0,
dog_barking_28.audio_split13.wav,1,0,0,
dog_barking_28.audio_split14.wav,1,0,0,
dog_barking_28.audio_split15.wav,1,0,0,
dog_barking_106.audio_split0.wav,1,0,0,
dog_barking_106.audio_split1.wav,1,0,0,
dog_barking_106.audio_split2.wav,1,0,0,
dog_barking_106.audio_split3.wav,1,0,0,
dog_barking_5.audio_split0.wav,1,0,0,
dog_barking_5.audio_split1.wav,1,0,0,
dog_barking_5.audio_split2.wav,1,0,0,
dog_barking_5.audio_split3.wav,0,0,0,
dog_barking_94.audio_split0.wav,1,0,1,h
dog_barking_94.audio_split1.wav,1,0,1,h
dog_barking_94.audio_split2.wav,1,0,1,h
dog_barking_65.audio_split0.wav,1,0,0,
dog_barking_18.audio_split0.wav,1,0,0,?
dog_barking_18.audio_split1.wav,1,0,0,?
dog_barking_18.audio_split2.wav,1,0,0,?
dog_barking_18.audio_split3.wav,1,0,0,?
dog_barking_18.audio_split4.wav,1,0,0,?
dog_barking_18.audio_split5.wav,1,0,0,?
dog_barking_18.audio_split6.wav,1,0,0,?
dog_barking_18.audio_split7.wav,1,0,0,?
dog_barking_18.audio_split8.wav,1,0,0,?
dog_barking_18.audio_split9.wav,1,0,0,?
dog_barking_100.audio_split0.wav,0,0,0,bruh
dog_barking_78.audio_split0.wav,1,1,0,
dog_barking_48.audio_split0.wav,1,1,0,
dog_barking_35.audio_split0.wav,1,0,1,
dog_barking_35.audio_split1.wav,1,1,1,
dog_barking_35.audio_split2.wav,1,0,1,
dog_barking_1.audio_split0.wav,1,0,1,
dog_barking_1.audio_split1.wav,1,0,1,
dog_barking_1.audio_split2.wav,1,0,1,
dog_barking_1.audio_split3.wav,1,0,1,
dog_barking_1.audio_split4.wav,1,0,1,
dog_barking_1.audio_split5.wav,1,0,1,
dog_barking_1.audio_split6.wav,1,0,1,
dog_barking_1.audio_split7.wav,1,0,1,
dog_barking_15.audio_split0.wav,1,0,1,
dog_barking_15.audio_split1.wav,1,0,1,
dog_barking_15.audio_split2.wav,1,0,1,
dog_barking_15.audio_split3.wav,1,0,1,
dog_barking_15.audio_split4.wav,1,0,1,
dog_barking_15.audio_split5.wav,1,0,1,
dog_barking_15.audio_split6.wav,1,0,1,
dog_barking_15.audio_split7.wav,1,0,1,
dog_barking_42.audio_split0.wav,1,1,1,
dog_barking_47.audio_split0.wav,1,1,0,
dog_barking_52.audio_split0.wav,1,1,0,
dog_barking_38.audio_split0.wav,1,1,0,
dog_barking_96.audio_split0.wav,1,0,1,
dog_barking_96.audio_split1.wav,1,0,1,
dog_barking_96.audio_split2.wav,1,0,1,
dog_barking_96.audio_split3.wav,1,0,1,
dog_barking_96.audio_split4.wav,1,0,1,
dog_barking_92.audio_split0.wav,1,0,1,
dog_barking_92.audio_split1.wav,1,0,1,
dog_barking_92.audio_split2.wav,1,0,1,
dog_barking_92.audio_split3.wav,1,0,1,
dog_barking_92.audio_split4.wav,1,0,1,
dog_barking_92.audio_split5.wav,1,0,1,
dog_barking_92.audio_split6.wav,1,0,1,
dog_barking_92.audio_split7.wav,1,0,1,
dog_barking_92.audio_split8.wav,1,0,1,
dog_barking_71.audio_split0.wav,1,1,0,
dog_barking_3.audio_split0.wav,0,0,0,
dog_barking_51.audio_split0.wav,1,1,0,
dog_barking_39.audio_split0.wav,1,0,1,
dog_barking_39.audio_split1.wav,1,1,0,
dog_barking_21.audio_split0.wav,1,1,0,
dog_barking_21.audio_split1.wav,1,0,1,
dog_barking_21.audio_split2.wav,0,0,0,Indescernable
dog_barking_21.audio_split3.wav,1,1,0,
dog_barking_21.audio_split4.wav,0,0,0,growl
dog_barking_73.audio_split0.wav,1,1,1,
dog_barking_40.audio_split0.wav,1,1,0,
dog_barking_103.audio_split0.wav,1,0,1,
dog_barking_32.audio_split0.wav,1,1,1,
dog_barking_34.audio_split0.wav,1,1,1,
dog_barking_34.audio_split1.wav,1,1,1,
dog_barking_64.audio_split0.wav,1,1,0,
dog_barking_104.audio_split0.wav,1,0,1,
dog_barking_104.audio_split1.wav,1,0,1,
dog_barking_104.audio_split2.wav,1,0,1,
dog_barking_104.audio_split3.wav,1,0,1,
dog_barking_104.audio_split4.wav,1,0,1,
dog_barking_104.audio_split5.wav,1,0,1,
dog_barking_61.audio_split0.wav,1,1,0,
dog_barking_11.audio_split0.wav,1,0,1,
dog_barking_11.audio_split1.wav,1,0,1,
dog_barking_11.audio_split2.wav,1,0,1,
dog_barking_11.audio_split3.wav,1,0,1,
dog_barking_11.audio_split4.wav,1,0,1,
dog_barking_70.audio_split0.wav,1,0,1,
dog_barking_43.audio_split0.wav,1,0,1,
dog_barking_112.audio_split0.wav,1,,,
dog_barking_112.audio_split1.wav,1,,,
dog_barking_44.audio_split0.wav,1,,,
dog_barking_69.audio_split0.wav,1,,,
dog_barking_77.audio_split0.wav,1,,,
dog_barking_77.audio_split1.wav,1,,,
dog_barking_77.audio_split2.wav,1,,,
dog_barking_60.audio_split0.wav,1,,,
dog_barking_60.audio_split1.wav,1,,,
dog_barking_60.audio_split2.wav,1,,,
dog_barking_57.audio_split0.wav,1,,,
cat_99.audio_split0.wav,0,,,
cat_99.audio_split1.wav,0,,,
cat_99.audio_split2.wav,0,,,
cat_54.audio_split0.wav,0,,,
cat_34.audio_split0.wav,0,,,
cat_34.audio_split1.wav,0,,,
cat_34.audio_split2.wav,0,,,
cat_34.audio_split3.wav,0,,,
cat_34.audio_split4.wav,0,,,
cat_34.audio_split5.wav,0,,,
cat_34.audio_split6.wav,0,,,
cat_132.audio_split0.wav,0,,,
cat_132.audio_split1.wav,0,,,
cat_132.audio_split2.wav,0,,,
cat_132.audio_split3.wav,0,,,
cat_132.audio_split4.wav,0,,,
cat_132.audio_split5.wav,0,,,
cat_132.audio_split6.wav,0,,,
cat_132.audio_split7.wav,0,,,
cat_132.audio_split8.wav,0,,,
cat_124.audio_split0.wav,0,,,
cat_56.audio_split0.wav,0,,,
cat_86.audio_split0.wav,0,,,
cat_119.audio_split0.wav,0,,,
cat_130.audio_split0.wav,0,,,
cat_90.audio_split0.wav,0,,,
cat_90.audio_split1.wav,0,,,
cat_90.audio_split2.wav,0,,,
cat_90.audio_split3.wav,0,,,
cat_90.audio_split4.wav,0,,,
cat_90.audio_split5.wav,0,,,
cat_90.audio_split6.wav,0,,,
cat_90.audio_split7.wav,0,,,
cat_90.audio_split8.wav,0,,,
cat_90.audio_split9.wav,0,,,
cat_90.audio_split10.wav,0,,,
cat_90.audio_split11.wav,0,,,
cat_90.audio_split12.wav,0,,,
cat_101.audio_split0.wav,0,,,
cat_101.audio_split1.wav,0,,,
cat_101.audio_split2.wav,0,,,
cat_128.audio_split0.wav,0,,,
cat_128.audio_split1.wav,0,,,
cat_128.audio_split2.wav,0,,,
cat_128.audio_split3.wav,0,,,
cat_128.audio_split4.wav,0,,,
cat_128.audio_split5.wav,0,,,
cat_107.audio_split0.wav,0,,,
cat_107.audio_split1.wav,0,,,
cat_107.audio_split2.wav,0,,,
cat_151.audio_split0.wav,0,,,
cat_68.audio_split0.wav,0,,,
cat_68.audio_split1.wav,0,,,
cat_30.audio_split0.wav,0,,,
cat_30.audio_split1.wav,0,,,
cat_30.audio_split2.wav,0,,,
cat_30.audio_split3.wav,0,,,
cat_30.audio_split4.wav,0,,,
cat_30.audio_split5.wav,0,,,
cat_30.audio_split6.wav,0,,,
cat_30.audio_split7.wav,0,,,
cat_135.audio_split0.wav,0,,,
cat_27.audio_split0.wav,0,,,
cat_40.audio_split0.wav,0,,,
cat_40.audio_split1.wav,0,,,
cat_40.audio_split2.wav,0,,,
cat_40.audio_split3.wav,0,,,
cat_40.audio_split4.wav,0,,,
cat_40.audio_split5.wav,0,,,
cat_152.audio_split0.wav,0,,,
cat_152.audio_split1.wav,0,,,
cat_152.audio_split2.wav,0,,,
cat_152.audio_split3.wav,0,,,
cat_152.audio_split4.wav,0,,,
cat_152.audio_split5.wav,0,,,
cat_152.audio_split6.wav,0,,,
cat_152.audio_split7.wav,0,,,
cat_152.audio_split8.wav,0,,,
cat_147.audio_split0.wav,0,,,
cat_162.audio_split0.wav,0,,,
cat_78.audio_split0.wav,0,,,
cat_78.audio_split1.wav,0,,,
cat_78.audio_split2.wav,0,,,
cat_78.audio_split3.wav,0,,,
cat_78.audio_split4.wav,0,,,
cat_78.audio_split5.wav,0,,,
cat_78.audio_split6.wav,0,,,
cat_23.audio_split0.wav,0,,,
cat_23.audio_split1.wav,0,,,
cat_23.audio_split2.wav,0,,,
cat_23.audio_split3.wav,0,,,
cat_23.audio_split4.wav,0,,,
cat_164.audio_split0.wav,0,,,
cat_164.audio_split1.wav,0,,,
cat_164.audio_split2.wav,0,,,
cat_164.audio_split3.wav,0,,,
cat_129.audio_split0.wav,0,,,
cat_129.audio_split1.wav,0,,,
cat_129.audio_split2.wav,0,,,
cat_110.audio_split0.wav,0,,,
cat_14.audio_split0.wav,0,,,
cat_14.audio_split1.wav,0,,,
cat_14.audio_split2.wav,0,,,
cat_14.audio_split3.wav,0,,,
cat_14.audio_split4.wav,0,,,
cat_14.audio_split5.wav,0,,,
cat_14.audio_split6.wav,0,,,
cat_14.audio_split7.wav,0,,,
cat_14.audio_split8.wav,0,,,
cat_14.audio_split9.wav,0,,,
cat_26.audio_split0.wav,0,,,
cat_75.audio_split0.wav,0,,,
cat_75.audio_split1.wav,0,,,
cat_75.audio_split2.wav,0,,,
cat_75.audio_split3.wav,0,,,
cat_143.audio_split0.wav,0,,,
cat_143.audio_split1.wav,0,,,
cat_143.audio_split2.wav,0,,,
cat_143.audio_split3.wav,0,,,
cat_143.audio_split4.wav,0,,,
cat_142.audio_split0.wav,0,,,
cat_142.audio_split1.wav,0,,,
cat_121.audio_split0.wav,0,,,
cat_121.audio_split1.wav,0,,,
cat_100.audio_split0.wav,0,,,
cat_137.audio_split0.wav,0,,,
cat_85.audio_split0.wav,0,,,
cat_19.audio_split0.wav,0,,,
cat_146.audio_split0.wav,0,,,
cat_146.audio_split1.wav,0,,,
cat_146.audio_split2.wav,0,,,
cat_71.audio_split0.wav,0,,,
cat_71.audio_split1.wav,0,,,
cat_71.audio_split2.wav,0,,,
cat_71.audio_split3.wav,0,,,
cat_71.audio_split4.wav,0,,,
cat_71.audio_split5.wav,0,,,
cat_71.audio_split6.wav,0,,,
cat_82.audio_split0.wav,0,,,
cat_82.audio_split1.wav,0,,,
cat_82.audio_split2.wav,0,,,
cat_11.audio_split0.wav,0,,,
cat_11.audio_split1.wav,0,,,
cat_11.audio_split2.wav,0,,,
cat_11.audio_split3.wav,0,,,
cat_11.audio_split4.wav,0,,,
cat_11.audio_split5.wav,0,,,
cat_11.audio_split6.wav,0,,,
cat_11.audio_split7.wav,0,,,
cat_11.audio_split8.wav,0,,,
cat_11.audio_split9.wav,0,,,
cat_11.audio_split10.wav,0,,,
cat_11.audio_split11.wav,0,,,
cat_11.audio_split12.wav,0,,,
cat_148.audio_split0.wav,0,,,
cat_36.audio_split0.wav,0,,,
cat_36.audio_split1.wav,0,,,
cat_36.audio_split2.wav,0,,,
cat_36.audio_split3.wav,0,,,
cat_36.audio_split4.wav,0,,,
cat_131.audio_split0.wav,0,,,
cat_131.audio_split1.wav,0,,,
cat_109.audio_split0.wav,0,,,
cat_109.audio_split1.wav,0,,,
cat_109.audio_split2.wav,0,,,
cat_72.audio_split0.wav,0,,,
cat_72.audio_split1.wav,0,,,
cat_72.audio_split2.wav,0,,,
cat_72.audio_split3.wav,0,,,
cat_72.audio_split4.wav,0,,,
cat_72.audio_split5.wav,0,,,
cat_163.audio_split0.wav,0,,,
cat_163.audio_split1.wav,0,,,
cat_163.audio_split2.wav,0,,,
cat_163.audio_split3.wav,0,,,
cat_163.audio_split4.wav,0,,,
cat_39.audio_split0.wav,0,,,
cat_39.audio_split1.wav,0,,,
cat_39.audio_split2.wav,0,,,
cat_39.audio_split3.wav,0,,,
cat_39.audio_split4.wav,0,,,
cat_39.audio_split5.wav,0,,,
cat_39.audio_split6.wav,0,,,
cat_39.audio_split7.wav,0,,,
cat_39.audio_split8.wav,0,,,
cat_39.audio_split9.wav,0,,,
cat_108.audio_split0.wav,0,,,
cat_28.audio_split0.wav,0,,,
cat_28.audio_split1.wav,0,,,
cat_28.audio_split2.wav,0,,,
cat_28.audio_split3.wav,0,,,
cat_153.audio_split0.wav,0,,,
cat_153.audio_split1.wav,0,,,
cat_153.audio_split2.wav,0,,,
cat_153.audio_split3.wav,0,,,
cat_153.audio_split4.wav,0,,,
cat_153.audio_split5.wav,0,,,
cat_153.audio_split6.wav,0,,,
cat_153.audio_split7.wav,0,,,
cat_153.audio_split8.wav,0,,,
cat_153.audio_split9.wav,0,,,
cat_153.audio_split10.wav,0,,,
cat_153.audio_split11.wav,0,,,
cat_153.audio_split12.wav,0,,,
cat_98.audio_split0.wav,0,,,
cat_98.audio_split1.wav,0,,,
cat_98.audio_split2.wav,0,,,
cat_98.audio_split3.wav,0,,,
cat_98.audio_split4.wav,0,,,
cat_98.audio_split5.wav,0,,,
cat_35.audio_split0.wav,0,,,
cat_35.audio_split1.wav,0,,,
cat_35.audio_split2.wav,0,,,
cat_35.audio_split3.wav,0,,,
cat_35.audio_split4.wav,0,,,
cat_95.audio_split0.wav,0,,,
cat_95.audio_split1.wav,0,,,
cat_95.audio_split2.wav,0,,,
cat_126.audio_split0.wav,0,,,
cat_126.audio_split1.wav,0,,,
cat_126.audio_split2.wav,0,,,
cat_126.audio_split3.wav,0,,,
cat_126.audio_split4.wav,0,,,
cat_126.audio_split5.wav,0,,,
cat_81.audio_split0.wav,0,,,
cat_81.audio_split1.wav,0,,,
cat_81.audio_split2.wav,0,,,
cat_81.audio_split3.wav,0,,,
cat_81.audio_split4.wav,0,,,
cat_69.audio_split0.wav,0,,,
cat_69.audio_split1.wav,0,,,
cat_69.audio_split2.wav,0,,,
cat_69.audio_split3.wav,0,,,
cat_69.audio_split4.wav,0,,,
cat_69.audio_split5.wav,0,,,
cat_69.audio_split6.wav,0,,,
cat_69.audio_split7.wav,0,,,
cat_69.audio_split8.wav,0,,,
cat_69.audio_split9.wav,0,,,
cat_69.audio_split10.wav,0,,,
cat_69.audio_split11.wav,0,,,
cat_69.audio_split12.wav,0,,,
cat_69.audio_split13.wav,0,,,
cat_69.audio_split14.wav,0,,,
cat_48.audio_split0.wav,0,,,
cat_48.audio_split1.wav,0,,,
cat_48.audio_split2.wav,0,,,
cat_48.audio_split3.wav,0,,,
cat_48.audio_split4.wav,0,,,
cat_48.audio_split5.wav,0,,,
cat_33.audio_split0.wav,0,,,
cat_37.audio_split0.wav,0,,,
cat_37.audio_split1.wav,0,,,
cat_37.audio_split2.wav,0,,,
cat_37.audio_split3.wav,0,,,
cat_37.audio_split4.wav,0,,,
cat_37.audio_split5.wav,0,,,
cat_37.audio_split6.wav,0,,,
cat_37.audio_split7.wav,0,,,
cat_37.audio_split8.wav,0,,,
cat_37.audio_split9.wav,0,,,
cat_37.audio_split10.wav,0,,,
cat_37.audio_split11.wav,0,,,
cat_80.audio_split0.wav,0,,,
cat_80.audio_split1.wav,0,,,
cat_57.audio_split0.wav,0,,,
cat_57.audio_split1.wav,0,,,
cat_57.audio_split2.wav,0,,,
cat_57.audio_split3.wav,0,,,
cat_158.audio_split0.wav,0,,,
cat_1.audio_split0.wav,0,,,
cat_1.audio_split1.wav,0,,,
cat_1.audio_split2.wav,0,,,
cat_1.audio_split3.wav,0,,,
cat_7.audio_split0.wav,0,,,
cat_7.audio_split1.wav,0,,,
cat_7.audio_split2.wav,0,,,
cat_7.audio_split3.wav,0,,,
cat_7.audio_split4.wav,0,,,
cat_7.audio_split5.wav,0,,,
cat_7.audio_split6.wav,0,,,
cat_7.audio_split7.wav,0,,,
cat_7.audio_split8.wav,0,,,
cat_7.audio_split9.wav,0,,,
cat_127.audio_split0.wav,0,,,
cat_127.audio_split1.wav,0,,,
cat_127.audio_split2.wav,0,,,
cat_127.audio_split3.wav,0,,,
cat_127.audio_split4.wav,0,,,
cat_127.audio_split5.wav,0,,,
cat_10.audio_split0.wav,0,,,
cat_10.audio_split1.wav,0,,,
cat_10.audio_split2.wav,0,,,
cat_10.audio_split3.wav,0,,,
cat_10.audio_split4.wav,0,,,
cat_10.audio_split5.wav,0,,,
cat_10.audio_split6.wav,0,,,
cat_25.audio_split0.wav,0,,,
cat_25.audio_split1.wav,0,,,
cat_25.audio_split2.wav,0,,,
cat_64.audio_split0.wav,0,,,
cat_64.audio_split1.wav,0,,,
cat_64.audio_split2.wav,0,,,
cat_64.audio_split3.wav,0,,,
cat_64.audio_split4.wav,0,,,
cat_64.audio_split5.wav,0,,,
cat_64.audio_split6.wav,0,,,
cat_4.audio_split0.wav,0,,,
cat_97.audio_split0.wav,0,,,
cat_167.audio_split0.wav,0,,,
cat_167.audio_split1.wav,0,,,
cat_167.audio_split2.wav,0,,,
cat_167.audio_split3.wav,0,,,
cat_167.audio_split4.wav,0,,,
cat_79.audio_split0.wav,0,,,
cat_79.audio_split1.wav,0,,,
cat_79.audio_split2.wav,0,,,
cat_79.audio_split3.wav,0,,,
cat_102.audio_split0.wav,0,,,
cat_102.audio_split1.wav,0,,,
cat_102.audio_split2.wav,0,,,
cat_102.audio_split3.wav,0,,,
cat_102.audio_split4.wav,0,,,
cat_3.audio_split0.wav,0,,,
cat_3.audio_split1.wav,0,,,
cat_3.audio_split2.wav,0,,,
cat_115.audio_split0.wav,0,,,
cat_115.audio_split1.wav,0,,,
cat_115.audio_split2.wav,0,,,
cat_115.audio_split3.wav,0,,,
cat_115.audio_split4.wav,0,,,
cat_115.audio_split5.wav,0,,,
cat_43.audio_split0.wav,0,,,
cat_43.audio_split1.wav,0,,,
cat_43.audio_split2.wav,0,,,
cat_43.audio_split3.wav,0,,,
cat_43.audio_split4.wav,0,,,
cat_43.audio_split5.wav,0,,,
cat_43.audio_split6.wav,0,,,
cat_43.audio_split7.wav,0,,,
cat_43.audio_split8.wav,0,,,
cat_105.audio_split0.wav,0,,,
cat_105.audio_split1.wav,0,,,
cat_123.audio_split0.wav,0,,,
cat_123.audio_split1.wav,0,,,
cat_123.audio_split2.wav,0,,,
cat_123.audio_split3.wav,0,,,
cat_123.audio_split4.wav,0,,,
cat_123.audio_split5.wav,0,,,
cat_123.audio_split6.wav,0,,,
cat_123.audio_split7.wav,0,,,
cat_123.audio_split8.wav,0,,,
cat_123.audio_split9.wav,0,,,
cat_31.audio_split0.wav,0,,,
cat_31.audio_split1.wav,0,,,
cat_31.audio_split2.wav,0,,,
cat_31.audio_split3.wav,0,,,
cat_31.audio_split4.wav,0,,,
cat_31.audio_split5.wav,0,,,
cat_31.audio_split6.wav,0,,,
cat_31.audio_split7.wav,0,,,
cat_31.audio_split8.wav,0,,,
cat_31.audio_split9.wav,0,,,
cat_31.audio_split10.wav,0,,,
cat_118.audio_split0.wav,0,,,
cat_118.audio_split1.wav,0,,,
cat_6.audio_split0.wav,0,,,
cat_6.audio_split1.wav,0,,,
cat_6.audio_split2.wav,0,,,
cat_6.audio_split3.wav,0,,,
cat_6.audio_split4.wav,0,,,
cat_6.audio_split5.wav,0,,,
cat_6.audio_split6.wav,0,,,
cat_6.audio_split7.wav,0,,,
cat_6.audio_split8.wav,0,,,
cat_42.audio_split0.wav,0,,,
cat_42.audio_split1.wav,0,,,
cat_42.audio_split2.wav,0,,,
cat_42.audio_split3.wav,0,,,
cat_42.audio_split4.wav,0,,,
cat_42.audio_split5.wav,0,,,
cat_42.audio_split6.wav,0,,,
cat_42.audio_split7.wav,0,,,
cat_42.audio_split8.wav,0,,,
cat_122.audio_split0.wav,0,,,
cat_122.audio_split1.wav,0,,,
cat_122.audio_split2.wav,0,,,
cat_122.audio_split3.wav,0,,,
cat_122.audio_split4.wav,0,,,
cat_87.audio_split0.wav,0,,,
cat_154.audio_split0.wav,0,,,
cat_154.audio_split1.wav,0,,,
cat_154.audio_split2.wav,0,,,
cat_154.audio_split3.wav,0,,,
cat_154.audio_split4.wav,0,,,
cat_154.audio_split5.wav,0,,,
cat_154.audio_split6.wav,0,,,
cat_154.audio_split7.wav,0,,,
cat_154.audio_split8.wav,0,,,
cat_154.audio_split9.wav,0,,,
cat_154.audio_split10.wav,0,,,
cat_139.audio_split0.wav,0,,,
cat_96.audio_split0.wav,0,,,
cat_96.audio_split1.wav,0,,,
cat_96.audio_split2.wav,0,,,
cat_61.audio_split0.wav,0,,,
cat_61.audio_split1.wav,0,,,
cat_61.audio_split2.wav,0,,,
cat_61.audio_split3.wav,0,,,
cat_61.audio_split4.wav,0,,,
cat_61.audio_split5.wav,0,,,
cat_62.audio_split0.wav,0,,,
cat_62.audio_split1.wav,0,,,
cat_62.audio_split2.wav,0,,,
cat_62.audio_split3.wav,0,,,
cat_62.audio_split4.wav,0,,,
cat_62.audio_split5.wav,0,,,
cat_62.audio_split6.wav,0,,,
cat_44.audio_split0.wav,0,,,
cat_44.audio_split1.wav,0,,,
cat_44.audio_split2.wav,0,,,
cat_44.audio_split3.wav,0,,,
cat_44.audio_split4.wav,0,,,
cat_44.audio_split5.wav,0,,,
cat_44.audio_split6.wav,0,,,
cat_44.audio_split7.wav,0,,,
cat_165.audio_split0.wav,0,,,
cat_165.audio_split1.wav,0,,,
cat_165.audio_split2.wav,0,,,
cat_165.audio_split3.wav,0,,,
cat_165.audio_split4.wav,0,,,
cat_159.audio_split0.wav,0,,,
cat_159.audio_split1.wav,0,,,
cat_159.audio_split2.wav,0,,,
cat_15.audio_split0.wav,0,,,
cat_15.audio_split1.wav,0,,,
cat_88.audio_split0.wav,0,,,
cat_73.audio_split0.wav,0,,,
cat_73.audio_split1.wav,0,,,
cat_73.audio_split2.wav,0,,,
cat_73.audio_split3.wav,0,,,
cat_32.audio_split0.wav,0,,,
cat_32.audio_split1.wav,0,,,
cat_113.audio_split0.wav,0,,,
cat_113.audio_split1.wav,0,,,
cat_113.audio_split2.wav,0,,,
cat_113.audio_split3.wav,0,,,
cat_22.audio_split0.wav,0,,,
cat_22.audio_split1.wav,0,,,
cat_22.audio_split2.wav,0,,,
cat_22.audio_split3.wav,0,,,
cat_22.audio_split4.wav,0,,,
cat_116.audio_split0.wav,0,,,
cat_155.audio_split0.wav,0,,,
cat_58.audio_split0.wav,0,,,
cat_58.audio_split1.wav,0,,,
cat_58.audio_split2.wav,0,,,
cat_144.audio_split0.wav,0,,,
cat_144.audio_split1.wav,0,,,
cat_144.audio_split2.wav,0,,,
cat_49.audio_split0.wav,0,,,
cat_49.audio_split1.wav,0,,,
cat_49.audio_split2.wav,0,,,
cat_38.audio_split0.wav,0,,,
cat_38.audio_split1.wav,0,,,
cat_38.audio_split2.wav,0,,,
cat_38.audio_split3.wav,0,,,
cat_5.audio_split0.wav,0,,,
cat_5.audio_split1.wav,0,,,
cat_5.audio_split2.wav,0,,,
cat_5.audio_split3.wav,0,,,
cat_5.audio_split4.wav,0,,,
cat_5.audio_split5.wav,0,,,
cat_5.audio_split6.wav,0,,,
cat_2.audio_split0.wav,0,,,
cat_2.audio_split1.wav,0,,,
cat_2.audio_split2.wav,0,,,
cat_2.audio_split3.wav,0,,,
cat_55.audio_split0.wav,0,,,
cat_166.audio_split0.wav,0,,,
cat_166.audio_split1.wav,0,,,
cat_166.audio_split2.wav,0,,,
cat_166.audio_split3.wav,0,,,
cat_166.audio_split4.wav,0,,,
cat_166.audio_split5.wav,0,,,
cat_52.audio_split0.wav,0,,,
cat_52.audio_split1.wav,0,,,
cat_94.audio_split0.wav,0,,,
cat_94.audio_split1.wav,0,,,
cat_94.audio_split2.wav,0,,,
cat_94.audio_split3.wav,0,,,
cat_83.audio_split0.wav,0,,,
cat_70.audio_split0.wav,0,,,
cat_45.audio_split0.wav,0,,,
cat_45.audio_split1.wav,0,,,
cat_45.audio_split2.wav,0,,,
cat_45.audio_split3.wav,0,,,
cat_45.audio_split4.wav,0,,,
cat_45.audio_split5.wav,0,,,
cat_45.audio_split6.wav,0,,,
cat_45.audio_split7.wav,0,,,
cat_29.audio_split0.wav,0,,,
cat_29.audio_split1.wav,0,,,
cat_29.audio_split2.wav,0,,,
cat_29.audio_split3.wav,0,,,
cat_29.audio_split4.wav,0,,,
cat_29.audio_split5.wav,0,,,
cat_149.audio_split0.wav,0,,,
cat_50.audio_split0.wav,0,,,
cat_46.audio_split0.wav,0,,,
cat_46.audio_split1.wav,0,,,
cat_46.audio_split2.wav,0,,,
cat_46.audio_split3.wav,0,,,
cat_46.audio_split4.wav,0,,,
cat_46.audio_split5.wav,0,,,
cat_46.audio_split6.wav,0,,,
cat_65.audio_split0.wav,0,,,
cat_65.audio_split1.wav,0,,,
cat_65.audio_split2.wav,0,,,
cat_65.audio_split3.wav,0,,,
cat_65.audio_split4.wav,0,,,
cat_13.audio_split0.wav,0,,,
cat_13.audio_split1.wav,0,,,
cat_13.audio_split2.wav,0,,,
cat_13.audio_split3.wav,0,,,
cat_13.audio_split4.wav,0,,,
cat_13.audio_split5.wav,0,,,
cat_13.audio_split6.wav,0,,,
cat_13.audio_split7.wav,0,,,
cat_125.audio_split0.wav,0,,,
cat_125.audio_split1.wav,0,,,
cat_125.audio_split2.wav,0,,,
cat_125.audio_split3.wav,0,,,
cat_136.audio_split0.wav,0,,,
cat_136.audio_split1.wav,0,,,
cat_136.audio_split2.wav,0,,,
cat_136.audio_split3.wav,0,,,
cat_53.audio_split0.wav,0,,,
cat_12.audio_split0.wav,0,,,
cat_12.audio_split1.wav,0,,,
cat_12.audio_split2.wav,0,,,
cat_12.audio_split3.wav,0,,,
cat_20.audio_split0.wav,0,,,
cat_21.audio_split0.wav,0,,,
cat_21.audio_split1.wav,0,,,
cat_21.audio_split2.wav,0,,,
cat_21.audio_split3.wav,0,,,
cat_8.audio_split0.wav,0,,,
cat_59.audio_split0.wav,0,,,
cat_59.audio_split1.wav,0,,,
cat_59.audio_split2.wav,0,,,
cat_47.audio_split0.wav,0,,,
cat_47.audio_split1.wav,0,,,
cat_47.audio_split2.wav,0,,,
cat_47.audio_split3.wav,0,,,
cat_47.audio_split4.wav,0,,,
cat_47.audio_split5.wav,0,,,
cat_112.audio_split0.wav,0,,,
cat_112.audio_split1.wav,0,,,
cat_112.audio_split2.wav,0,,,
cat_112.audio_split3.wav,0,,,
cat_112.audio_split4.wav,0,,,
cat_112.audio_split5.wav,0,,,
cat_160.audio_split0.wav,0,,,
cat_160.audio_split1.wav,0,,,
cat_160.audio_split2.wav,0,,,
cat_160.audio_split3.wav,0,,,
cat_66.audio_split0.wav,0,,,
cat_9.audio_split0.wav,0,,,
cat_138.audio_split0.wav,0,,,
cat_106.audio_split0.wav,0,,,
cat_106.audio_split1.wav,0,,,
cat_106.audio_split2.wav,0,,,
cat_106.audio_split3.wav,0,,,
cat_67.audio_split0.wav,0,,,
cat_24.audio_split0.wav,0,,,
cat_24.audio_split1.wav,0,,,
cat_24.audio_split2.wav,0,,,
cat_120.audio_split0.wav,0,,,
cat_120.audio_split1.wav,0,,,
cat_103.audio_split0.wav,0,,,
cat_103.audio_split1.wav,0,,,
cat_103.audio_split2.wav,0,,,
cat_63.audio_split0.wav,0,,,
cat_63.audio_split1.wav,0,,,
cat_63.audio_split2.wav,0,,,
cat_63.audio_split3.wav,0,,,
cat_63.audio_split4.wav,0,,,
cat_63.audio_split5.wav,0,,,
cat_63.audio_split6.wav,0,,,
cat_74.audio_split0.wav,0,,,
cat_74.audio_split1.wav,0,,,
Leo1-0.wav,1,,,
Leo1-1.wav,1,,,
Leo1-2.wav,1,,,
Leo1-3.wav,1,,,
Leo2-0.wav,1,,,
Leo2-1.wav,1,,,
Leo2-2.wav,1,,,
Leo2-3.wav,1,,,
Leo2-4.wav,1,,,
Leo3-0.wav,1,,,
Leo3-1.wav,1,,,
Leo3-2.wav,1,,,
Leo3-3.wav,1,,,
Leo3-4.wav,1,,,
Leo3-5.wav,0,,,
Leo4-0.wav,1,,,
Leo4-1.wav,1,,,
Leo4-2.wav,1,,,
Leo4-3.wav,1,,,
Leo4-4.wav,1,,,
Leo4-5.wav,1,,,
Leo5-0.wav,1,,,
Leo5-1.wav,1,,,
Leo5-2.wav,1,,,
Leo5-3.wav,1,,,
Leo5-4.wav,1,,,
Leo5-5.wav,1,,,
Leo5-6.wav,1,,,
Leo5-7.wav,1,,,
Leo5-8.wav,1,,,
Leo5-9.wav,1,,,
Leo5-10.wav,1,,,
Leo5-11.wav,1,,,
Leo5-12.wav,1,,,
Leo5-13.wav,1,,,
Leo5-14.wav,1,,,
Leo5-15.wav,1,,,
Leo5-16.wav,1,,,
Leo5-17.wav,1,,,
Leo5-18.wav,1,,,
Leo5-19.wav,1,,,
Leo5-20.wav,1,,,
Leo5-21.wav,1,,,
Leo5-22.wav,1,,,
Leo5-23.wav,1,,,
Leo5-24.wav,1,,,
Leo5-25.wav,1,,,
Leo5-26.wav,1,,,
Leo5-27.wav,1,,,
Leo5-28.wav,1,,,
Leo5-29.wav,1,,,
Leo5-30.wav,1,,,
Leo6-0.wav,1,,,
Leo6-1.wav,1,,,
Leo6-2.wav,1,,,
Leo6-3.wav,1,,,
Leo6-4.wav,1,,,
Leo6-5.wav,1,,,
Leo6-6.wav,1,,,
Leo6-7.wav,1,,,
Leo6-8.wav,1,,,
Leo6-9.wav,0,,,
Leo6-10.wav,1,,,
Leo6-11.wav,1,,,
Leo6-12.wav,1,,,
Leo6-13.wav,1,,,
Leo6-14.wav,1,,,
Leo6-15.wav,1,,,
Leo6-16.wav,1,,,
Leo7-0.wav,0,,,
Leo7-1.wav,1,,,
Leo7-2.wav,1,,,
Leo7-3.wav,1,,,
Leo7-4.wav,1,,,
Leo7-5.wav,1,,,
Leo7-6.wav,1,,,
Leo7-7.wav,1,,,
Leo7-8.wav,1,,,
Leo7-9.wav,0,0,,
Leo8-0.wav,1,,,
Leo8-1.wav,1,,,
Leo8-2.wav,1,,,
Leo8-3.wav,1,,,
Leo8-4.wav,1,,,
Leo8-5.wav,1,,,
Leo8-6.wav,1,,,
Leo8-7.wav,1,,,
Leo8-8.wav,1,,,
Leo8-9.wav,1,,,
Leo8-10.wav,1,,,
Leo8-11.wav,0,,,
Leo8-12.wav,1,,,
Leo8-13.wav,1,,,
Leo8-14.wav,1,,,
Leo8-15.wav,1,,,
Leo8-16.wav,1,,,
Leo8-17.wav,1,,,
Leo8-18.wav,1,,,
Leo9-0.wav,1,,,
Leo9-1.wav,1,,,
Leo9-2.wav,1,,,
Leo9-3.wav,1,,,
Leo9-4.wav,1,,,
Leo9-5.wav,1,,,
Leo9-6.wav,1,,,
Leo9-7.wav,1,,,
Leo9-8.wav,1,,,
Leo9-9.wav,1,,,
Leo9-10.wav,1,,,
Leo9-11.wav,1,,,
Leo9-12.wav,1,,,
Leo9-13.wav,1,,,
Leo9-14.wav,1,,,
Leo9-15.wav,1,,,
Leo9-16.wav,1,,,
Leo9-17.wav,1,,,
Leo9-18.wav,1,,,
Leo9-19.wav,1,,,
Leo9-20.wav,1,,,
Leo10-0.wav,1,,,
Leo10-1.wav,1,,,
Leo10-2.wav,1,,,
Leo10-3.wav,1,,,
Leo10-4.wav,0,,,
Leo11-0.wav,,,,
Leo11-1.wav,1,,,
Leo11-2.wav,1,,,
Leo11-3.wav,1,,,
Leo11-4.wav,1,,,
Leo11-5.wav,1,,,
Leo11-6.wav,1,,,
Leo11-7.wav,1,,,
Leo11-8.wav,1,,,
Leo11-9.wav,1,,,
Leo11-10.wav,1,,,
Leo11-11.wav,1,,,
Leo11-12.wav,1,,,
Leo11-13.wav,1,,,
Leo11-14.wav,1,,,
Leo11-15.wav,1,,,
Leo11-16.wav,1,,,
Leo11-17.wav,1,,,
Leo11-18.wav,1,,,
Leo11-19.wav,1,,,
Leo11-20.wav,1,,,
Leo11-21.wav,1,,,
Leo11-22.wav,1,,,
Leo11-23.wav,1,,,
Leo11-24.wav,1,,,
Leo12-0.wav,0,,,
Leo12-1.wav,1,,,
Leo12-2.wav,1,,,
Leo12-3.wav,1,,,
Leo12-4.wav,1,,,
Leo12-5.wav,1,,,
Leo12-6.wav,1,,,
Leo12-7.wav,1,,,
Leo12-8.wav,1,,,
Leo12-9.wav,1,,,
Leo12-10.wav,1,,,
Leo12-11.wav,1,,,
Leo12-12.wav,1,,,
Leo12-13.wav,1,,,
Leo12-14.wav,0,,,
Leo13-0.wav,0,,,
Leo13-1.wav,1,,,
Leo13-2.wav,1,,,
Leo13-3.wav,1,,,
Leo13-4.wav,1,1,,
Leo13-5.wav,1,,,
Leo13-6.wav,0,,,
Leo13-7.wav,1,1,,
Leo13-8.wav,1,1,,
Leo13-9.wav,1,1,,
Leo13-10.wav,1,1,,
Leo13-11.wav,1,,,
Leo14-0.wav,0,,,
Leo14-1.wav,1,,,
Leo14-2.wav,1,,,
Leo14-3.wav,1,,,
Leo14-4.wav,1,,,
Leo14-5.wav,1,,,
Leo14-6.wav,1,,,
Leo14-7.wav,1,,,
Leo14-8.wav,1,,,
Leo14-9.wav,1,,,
Leo14-10.wav,1,,,
Leo14-11.wav,1,,,
Leo14-12.wav,1,,,
Leo14-13.wav,1,,,
Leo14-14.wav,1,,,
Leo14-15.wav,1,,,
Leo14-16.wav,1,,,
Leo14-17.wav,1,,,
Leo14-18.wav,1,,,
Leo14-19.wav,1,,,
Leo14-20.wav,1,,,
Leo14-21.wav,1,,,
Leo14-22.wav,1,,,
Leo14-23.wav,1,,,
Leo14-24.wav,1,,,
Leo14-25.wav,1,,,
Leo14-26.wav,1,,,
Leo14-27.wav,1,,,
Leo14-28.wav,1,,,
Leo14-29.wav,1,,,
Leo14-30.wav,1,,,
Leo14-31.wav,1,,,
Leo14-32.wav,1,,,
Leo14-33.wav,1,,,
Leo14-34.wav,1,,,
Leo14-35.wav,1,,,
Leo14-36.wav,1,,,
Leo14-37.wav,1,,,
Leo14-38.wav,1,,,
Leo14-39.wav,1,,,
Leo14-40.wav,1,,,
Leo14-41.wav,1,,,
Leo14-42.wav,1,,,
Leo14-43.wav,1,,,
Leo14-44.wav,1,,,
Leo14-45.wav,1,,,
Leo14-46.wav,1,,,
Leo14-47.wav,1,,,
Leo14-48.wav,1,,,
Leo14-49.wav,1,,,
Leo14-50.wav,1,,,
Leo14-51.wav,1,,,
Leo14-52.wav,1,,,
Leo14-53.wav,1,,,
Leo14-54.wav,1,,,
Leo14-55.wav,1,,,
Leo14-56.wav,1,,,
Leo14-57.wav,1,,,
Leo14-58.wav,1,,,
Leo14-59.wav,1,,,
Leo14-60.wav,1,,,
Leo14-61.wav,1,,,
Leo14-62.wav,1,,,
Leo14-63.wav,1,,,
Leo14-64.wav,1,,,
Leo14-65.wav,1,,,
Leo14-66.wav,1,,,
Leo14-67.wav,1,,,
Leo14-68.wav,1,,,
Leo14-69.wav,1,,,
Leo14-70.wav,1,,,
Leo14-71.wav,1,,,
Leo14-72.wav,1,,,
Leo14-73.wav,1,,,
Leo14-74.wav,1,,,
dogsMore0-0.wav,1,,,
dogsMore0-1.wav,1,,,
dogsMore0-10.wav,1,,,
dogsMore0-100.wav,1,,,
dogsMore0-101.wav,1,,,
dogsMore0-102.wav,1,,,
dogsMore0-103.wav,1,,,
dogsMore0-104.wav,1,,,
dogsMore0-105.wav,1,,,
dogsMore0-106.wav,1,,,
dogsMore0-107.wav,1,,,
dogsMore0-108.wav,1,,,
dogsMore0-109.wav,1,,,
dogsMore0-11.wav,1,,,
dogsMore0-110.wav,1,,,
dogsMore0-111.wav,1,,,
dogsMore0-112.wav,1,,,
dogsMore0-113.wav,1,,,
dogsMore0-114.wav,1,,,
dogsMore0-115.wav,1,,,
dogsMore0-116.wav,1,,,
dogsMore0-117.wav,1,,,
dogsMore0-118.wav,1,,,
dogsMore0-119.wav,1,,,
dogsMore0-12.wav,1,,,
dogsMore0-120.wav,1,,,
dogsMore0-121.wav,1,,,
dogsMore0-122.wav,1,,,
dogsMore0-123.wav,1,,,
dogsMore0-124.wav,1,,,
dogsMore0-125.wav,1,,,
dogsMore0-126.wav,1,,,
dogsMore0-127.wav,1,,,
dogsMore0-128.wav,1,,,
dogsMore0-129.wav,1,,,
dogsMore0-13.wav,1,,,
dogsMore0-130.wav,1,,,
dogsMore0-131.wav,1,,,
dogsMore0-132.wav,1,,,
dogsMore0-133.wav,1,,,
dogsMore0-134.wav,1,,,
dogsMore0-135.wav,1,,,
dogsMore0-136.wav,1,,,
dogsMore0-137.wav,1,,,
dogsMore0-138.wav,1,,,
dogsMore0-139.wav,1,,,
dogsMore0-14.wav,1,,,
dogsMore0-140.wav,1,,,
dogsMore0-141.wav,1,,,
dogsMore0-142.wav,1,,,
dogsMore0-143.wav,1,,,
dogsMore0-144.wav,1,,,
dogsMore0-145.wav,1,,,
dogsMore0-146.wav,1,,,
dogsMore0-147.wav,1,,,
dogsMore0-148.wav,1,,,
dogsMore0-149.wav,1,,,
dogsMore0-15.wav,1,,,
dogsMore0-150.wav,1,,,
dogsMore0-151.wav,1,,,
dogsMore0-152.wav,1,,,
dogsMore0-153.wav,1,,,
dogsMore0-154.wav,1,,,
dogsMore0-155.wav,1,,,
dogsMore0-156.wav,1,,,
dogsMore0-157.wav,1,,,
dogsMore0-158.wav,1,,,
dogsMore0-159.wav,1,,,
dogsMore0-16.wav,1,,,
dogsMore0-160.wav,1,,,
dogsMore0-161.wav,1,,,
dogsMore0-162.wav,1,,,
dogsMore0-163.wav,1,,,
dogsMore0-164.wav,1,,,
dogsMore0-165.wav,1,,,
dogsMore0-166.wav,1,,,
dogsMore0-167.wav,1,,,
dogsMore0-168.wav,1,,,
dogsMore0-169.wav,1,,,
dogsMore0-17.wav,1,,,
dogsMore0-170.wav,1,,,
dogsMore0-171.wav,1,,,
dogsMore0-172.wav,1,,,
dogsMore0-173.wav,1,,,
dogsMore0-174.wav,1,,,
dogsMore0-175.wav,1,,,
dogsMore0-176.wav,1,,,
dogsMore0-177.wav,1,,,
dogsMore0-178.wav,1,,,
dogsMore0-179.wav,1,,,
dogsMore0-18.wav,1,,,
dogsMore0-180.wav,1,,,
dogsMore0-181.wav,1,,,
dogsMore0-182.wav,1,,,
dogsMore0-183.wav,1,,,
dogsMore0-184.wav,1,,,
dogsMore0-185.wav,1,,,
dogsMore0-186.wav,1,,,
dogsMore0-187.wav,1,,,
dogsMore0-188.wav,1,,,
dogsMore0-189.wav,1,,,
dogsMore0-19.wav,1,,,
dogsMore0-190.wav,1,,,
dogsMore0-191.wav,1,,,
dogsMore0-192.wav,1,,,
dogsMore0-193.wav,1,,,
dogsMore0-194.wav,1,,,
dogsMore0-195.wav,1,,,
dogsMore0-196.wav,1,,,
dogsMore0-197.wav,1,,,
dogsMore0-198.wav,1,,,
dogsMore0-199.wav,1,,,
dogsMore0-2.wav,1,,,
dogsMore0-20.wav,1,,,
dogsMore0-200.wav,1,,,
dogsMore0-201.wav,1,,,
dogsMore0-202.wav,1,,,
dogsMore0-203.wav,1,,,
dogsMore0-204.wav,1,,,
dogsMore0-205.wav,1,,,
dogsMore0-206.wav,1,,,
dogsMore0-207.wav,1,,,
dogsMore0-208.wav,1,,,
dogsMore0-209.wav,1,,,
dogsMore0-21.wav,1,,,
dogsMore0-210.wav,1,,,
dogsMore0-211.wav,1,,,
dogsMore0-212.wav,1,,,
dogsMore0-213.wav,1,,,
dogsMore0-214.wav,1,,,
dogsMore0-215.wav,1,,,
dogsMore0-216.wav,1,,,
dogsMore0-217.wav,1,,,
dogsMore0-218.wav,1,,,
dogsMore0-219.wav,1,,,
dogsMore0-22.wav,1,,,
dogsMore0-220.wav,1,,,
dogsMore0-221.wav,1,,,
dogsMore0-222.wav,1,,,
dogsMore0-223.wav,1,,,
dogsMore0-224.wav,1,,,
dogsMore0-225.wav,1,,,
dogsMore0-226.wav,1,,,
dogsMore0-227.wav,1,,,
dogsMore0-228.wav,1,,,
dogsMore0-229.wav,1,,,
dogsMore0-23.wav,1,,,
dogsMore0-230.wav,1,,,
dogsMore0-24.wav,1,,,
dogsMore0-25.wav,1,,,
dogsMore0-26.wav,1,,,
dogsMore0-27.wav,1,,,
dogsMore0-28.wav,1,,,
dogsMore0-29.wav,1,,,
dogsMore0-3.wav,1,,,
dogsMore0-30.wav,1,,,
dogsMore0-31.wav,1,,,
dogsMore0-32.wav,1,,,
dogsMore0-33.wav,1,,,
dogsMore0-34.wav,1,,,
dogsMore0-35.wav,1,,,
dogsMore0-36.wav,1,,,
dogsMore0-37.wav,1,,,
dogsMore0-38.wav,1,,,
dogsMore0-39.wav,1,,,
dogsMore0-4.wav,1,,,
dogsMore0-40.wav,1,,,
dogsMore0-41.wav,1,,,
dogsMore0-42.wav,1,,,
dogsMore0-43.wav,1,,,
dogsMore0-44.wav,1,,,
dogsMore0-45.wav,1,,,
dogsMore0-46.wav,1,,,
dogsMore0-47.wav,1,,,
dogsMore0-48.wav,1,,,
dogsMore0-49.wav,1,,,
dogsMore0-5.wav,1,,,
dogsMore0-50.wav,1,,,
dogsMore0-51.wav,1,,,
dogsMore0-52.wav,1,,,
dogsMore0-53.wav,1,,,
dogsMore0-54.wav,1,,,
dogsMore0-55.wav,1,,,
dogsMore0-56.wav,1,,,
dogsMore0-57.wav,1,,,
dogsMore0-58.wav,1,,,
dogsMore0-59.wav,1,,,
dogsMore0-6.wav,1,,,
dogsMore0-60.wav,1,,,
dogsMore0-61.wav,1,,,
dogsMore0-62.wav,1,,,
dogsMore0-63.wav,1,,,
dogsMore0-64.wav,1,,,
dogsMore0-65.wav,1,,,
dogsMore0-66.wav,1,,,
dogsMore0-67.wav,1,,,
dogsMore0-68.wav,1,,,
dogsMore0-69.wav,1,,,
dogsMore0-7.wav,1,,,
dogsMore0-70.wav,1,,,
dogsMore0-71.wav,1,,,
dogsMore0-72.wav,1,,,
dogsMore0-73.wav,1,,,
dogsMore0-74.wav,1,,,
dogsMore0-75.wav,1,,,
dogsMore0-76.wav,1,,,
dogsMore0-77.wav,1,,,
dogsMore0-78.wav,1,,,
dogsMore0-79.wav,1,,,
dogsMore0-8.wav,1,,,
dogsMore0-80.wav,1,,,
dogsMore0-81.wav,1,,,
dogsMore0-82.wav,1,,,
dogsMore0-83.wav,1,,,
dogsMore0-84.wav,1,,,
dogsMore0-85.wav,1,,,
dogsMore0-86.wav,1,,,
dogsMore0-87.wav,1,,,
dogsMore0-88.wav,1,,,
dogsMore0-89.wav,1,,,
dogsMore0-9.wav,1,,,
dogsMore0-90.wav,1,,,
dogsMore0-91.wav,1,,,
dogsMore0-92.wav,1,,,
dogsMore0-93.wav,1,,,
dogsMore0-94.wav,1,,,
dogsMore0-95.wav,1,,,
dogsMore0-96.wav,1,,,
dogsMore0-97.wav,1,,,
dogsMore0-98.wav,1,,,
dogsMore0-99.wav,1,,,
dogsMore1-0.wav,1,,,
dogsMore1-1.wav,1,,,
dogsMore1-10.wav,1,,,
dogsMore1-100.wav,1,,,
dogsMore1-101.wav,1,,,
dogsMore1-102.wav,1,,,
dogsMore1-103.wav,1,,,
dogsMore1-104.wav,1,,,
dogsMore1-105.wav,1,,,
dogsMore1-106.wav,1,,,
dogsMore1-107.wav,1,,,
dogsMore1-108.wav,1,,,
dogsMore1-109.wav,1,,,
dogsMore1-11.wav,1,,,
dogsMore1-110.wav,1,,,
dogsMore1-111.wav,1,,,
dogsMore1-112.wav,1,,,
dogsMore1-12.wav,1,,,
dogsMore1-13.wav,1,,,
dogsMore1-14.wav,1,,,
dogsMore1-15.wav,1,,,
dogsMore1-16.wav,1,,,
dogsMore1-17.wav,1,,,
dogsMore1-18.wav,1,,,
dogsMore1-19.wav,1,,,
dogsMore1-2.wav,1,,,
dogsMore1-20.wav,1,,,
dogsMore1-21.wav,1,,,
dogsMore1-22.wav,1,,,
dogsMore1-23.wav,1,,,
dogsMore1-24.wav,1,,,
dogsMore1-25.wav,1,,,
dogsMore1-26.wav,1,,,
dogsMore1-27.wav,1,,,
dogsMore1-28.wav,1,,,
dogsMore1-29.wav,1,,,
dogsMore1-3.wav,1,,,
dogsMore1-30.wav,1,,,
dogsMore1-31.wav,1,,,
dogsMore1-32.wav,1,,,
dogsMore1-33.wav,1,,,
dogsMore1-34.wav,1,,,
dogsMore1-35.wav,1,,,
dogsMore1-36.wav,1,,,
dogsMore1-37.wav,1,,,
dogsMore1-38.wav,1,,,
dogsMore1-39.wav,1,,,
dogsMore1-4.wav,1,,,
dogsMore1-40.wav,1,,,
dogsMore1-41.wav,1,,,
dogsMore1-42.wav,1,,,
dogsMore1-43.wav,1,,,
dogsMore1-44.wav,1,,,
dogsMore1-45.wav,1,,,
dogsMore1-46.wav,1,,,
dogsMore1-47.wav,1,,,
dogsMore1-48.wav,1,,,
dogsMore1-49.wav,1,,,
dogsMore1-5.wav,1,,,
dogsMore1-50.wav,1,,,
dogsMore1-51.wav,1,,,
dogsMore1-52.wav,1,,,
dogsMore1-53.wav,1,,,
dogsMore1-54.wav,1,,,
dogsMore1-55.wav,1,,,
dogsMore1-56.wav,1,,,
dogsMore1-57.wav,1,,,
dogsMore1-58.wav,1,,,
dogsMore1-59.wav,1,,,
dogsMore1-6.wav,1,,,
dogsMore1-60.wav,1,,,
dogsMore1-61.wav,1,,,
dogsMore1-62.wav,1,,,
dogsMore1-63.wav,1,,,
dogsMore1-64.wav,1,,,
dogsMore1-65.wav,1,,,
dogsMore1-66.wav,1,,,
dogsMore1-67.wav,1,,,
dogsMore1-68.wav,1,,,
dogsMore1-69.wav,1,,,
dogsMore1-7.wav,1,,,
dogsMore1-70.wav,1,,,
dogsMore1-71.wav,1,,,
dogsMore1-72.wav,1,,,
dogsMore1-73.wav,1,,,
dogsMore1-74.wav,1,,,
dogsMore1-75.wav,1,,,
dogsMore1-76.wav,1,,,
dogsMore1-77.wav,1,,,
dogsMore1-78.wav,1,,,
dogsMore1-79.wav,1,,,
dogsMore1-8.wav,1,,,
dogsMore1-80.wav,1,,,
dogsMore1-81.wav,1,,,
dogsMore1-82.wav,1,,,
dogsMore1-83.wav,1,,,
dogsMore1-84.wav,1,,,
dogsMore1-85.wav,1,,,
dogsMore1-86.wav,1,,,
dogsMore1-87.wav,1,,,
dogsMore1-88.wav,1,,,
dogsMore1-89.wav,1,,,
dogsMore1-9.wav,1,,,
dogsMore1-90.wav,1,,,
dogsMore1-91.wav,1,,,
dogsMore1-92.wav,1,,,
dogsMore1-93.wav,1,,,
dogsMore1-94.wav,1,,,
dogsMore1-95.wav,1,,,
dogsMore1-96.wav,1,,,
dogsMore1-97.wav,1,,,
dogsMore1-98.wav,1,,,
dogsMore1-99.wav,1,,,
drumGuy-0.wav,0,,,
drumGuy-1.wav,0,,,
drumGuy-10.wav,0,,,
drumGuy-100.wav,0,,,
drumGuy-101.wav,0,,,
drumGuy-102.wav,0,,,
drumGuy-103.wav,0,,,
drumGuy-104.wav,0,,,
drumGuy-105.wav,0,,,
drumGuy-106.wav,0,,,
drumGuy-107.wav,0,,,
drumGuy-108.wav,0,,,
drumGuy-109.wav,0,,,
drumGuy-11.wav,0,,,
drumGuy-110.wav,0,,,
drumGuy-111.wav,0,,,
drumGuy-112.wav,0,,,
drumGuy-113.wav,0,,,
drumGuy-114.wav,0,,,
drumGuy-115.wav,0,,,
drumGuy-116.wav,0,,,
drumGuy-117.wav,0,,,
drumGuy-118.wav,0,,,
drumGuy-119.wav,0,,,
drumGuy-12.wav,0,,,
drumGuy-120.wav,0,,,
drumGuy-121.wav,0,,,
drumGuy-122.wav,0,,,
drumGuy-123.wav,0,,,
drumGuy-124.wav,0,,,
drumGuy-125.wav,0,,,
drumGuy-126.wav,0,,,
drumGuy-127.wav,0,,,
drumGuy-128.wav,0,,,
drumGuy-129.wav,0,,,
drumGuy-13.wav,0,,,
drumGuy-130.wav,0,,,
drumGuy-131.wav,0,,,
drumGuy-132.wav,0,,,
drumGuy-133.wav,0,,,
drumGuy-134.wav,0,,,
drumGuy-135.wav,0,,,
drumGuy-136.wav,0,,,
drumGuy-137.wav,0,,,
drumGuy-138.wav,0,,,
drumGuy-139.wav,0,,,
drumGuy-14.wav,0,,,
drumGuy-140.wav,0,,,
drumGuy-141.wav,0,,,
drumGuy-142.wav,0,,,
drumGuy-143.wav,0,,,
drumGuy-144.wav,0,,,
drumGuy-145.wav,0,,,
drumGuy-146.wav,0,,,
drumGuy-147.wav,0,,,
drumGuy-148.wav,0,,,
drumGuy-149.wav,0,,,
drumGuy-15.wav,0,,,
drumGuy-150.wav,0,,,
drumGuy-151.wav,0,,,
drumGuy-152.wav,0,,,
drumGuy-153.wav,0,,,
drumGuy-154.wav,0,,,
drumGuy-155.wav,0,,,
drumGuy-156.wav,0,,,
drumGuy-157.wav,0,,,
drumGuy-158.wav,0,,,
drumGuy-159.wav,0,,,
drumGuy-16.wav,0,,,
drumGuy-160.wav,0,,,
drumGuy-161.wav,0,,,
drumGuy-162.wav,0,,,
drumGuy-163.wav,0,,,
drumGuy-164.wav,0,,,
drumGuy-165.wav,0,,,
drumGuy-166.wav,0,,,
drumGuy-167.wav,0,,,
drumGuy-168.wav,0,,,
drumGuy-169.wav,0,,,
drumGuy-17.wav,0,,,
drumGuy-170.wav,0,,,
drumGuy-171.wav,0,,,
drumGuy-172.wav,0,,,
drumGuy-173.wav,0,,,
drumGuy-174.wav,0,,,
drumGuy-175.wav,0,,,
drumGuy-176.wav,0,,,
drumGuy-177.wav,0,,,
drumGuy-178.wav,0,,,
drumGuy-179.wav,0,,,
drumGuy-18.wav,0,,,
drumGuy-180.wav,0,,,
drumGuy-181.wav,0,,,
drumGuy-182.wav,0,,,
drumGuy-183.wav,0,,,
drumGuy-184.wav,0,,,
drumGuy-185.wav,0,,,
drumGuy-186.wav,0,,,
drumGuy-187.wav,0,,,
drumGuy-188.wav,0,,,
drumGuy-189.wav,0,,,
drumGuy-19.wav,0,,,
drumGuy-190.wav,0,,,
drumGuy-191.wav,0,,,
drumGuy-192.wav,0,,,
drumGuy-193.wav,0,,,
drumGuy-194.wav,0,,,
drumGuy-195.wav,0,,,
drumGuy-196.wav,0,,,
drumGuy-197.wav,0,,,
drumGuy-198.wav,0,,,
drumGuy-199.wav,0,,,
drumGuy-2.wav,0,,,
drumGuy-20.wav,0,,,
drumGuy-200.wav,0,,,
drumGuy-201.wav,0,,,
drumGuy-202.wav,0,,,
drumGuy-203.wav,0,,,
drumGuy-204.wav,0,,,
drumGuy-205.wav,0,,,
drumGuy-206.wav,0,,,
drumGuy-207.wav,0,,,
drumGuy-208.wav,0,,,
drumGuy-209.wav,0,,,
drumGuy-21.wav,0,,,
drumGuy-210.wav,0,,,
drumGuy-211.wav,0,,,
drumGuy-212.wav,0,,,
drumGuy-213.wav,0,,,
drumGuy-214.wav,0,,,
drumGuy-215.wav,0,,,
drumGuy-216.wav,0,,,
drumGuy-217.wav,0,,,
drumGuy-218.wav,0,,,
drumGuy-219.wav,0,,,
drumGuy-22.wav,0,,,
drumGuy-220.wav,0,,,
drumGuy-221.wav,0,,,
drumGuy-222.wav,0,,,
drumGuy-223.wav,0,,,
drumGuy-224.wav,0,,,
drumGuy-225.wav,0,,,
drumGuy-226.wav,0,,,
drumGuy-227.wav,0,,,
drumGuy-228.wav,0,,,
drumGuy-229.wav,0,,,
drumGuy-23.wav,0,,,
drumGuy-230.wav,0,,,
drumGuy-231.wav,0,,,
drumGuy-232.wav,0,,,
drumGuy-233.wav,0,,,
drumGuy-234.wav,0,,,
drumGuy-235.wav,0,,,
drumGuy-236.wav,0,,,
drumGuy-237.wav,0,,,
drumGuy-238.wav,0,,,
drumGuy-239.wav,0,,,
drumGuy-24.wav,0,,,
drumGuy-240.wav,0,,,
drumGuy-241.wav,0,,,
drumGuy-242.wav,0,,,
drumGuy-243.wav,0,,,
drumGuy-244.wav,0,,,
drumGuy-245.wav,0,,,
drumGuy-246.wav,0,,,
drumGuy-247.wav,0,,,
drumGuy-248.wav,0,,,
drumGuy-249.wav,0,,,
drumGuy-25.wav,0,,,
drumGuy-250.wav,0,,,
drumGuy-251.wav,0,,,
drumGuy-252.wav,0,,,
drumGuy-253.wav,0,,,
drumGuy-254.wav,0,,,
drumGuy-255.wav,0,,,
drumGuy-256.wav,0,,,
drumGuy-257.wav,0,,,
drumGuy-258.wav,0,,,
drumGuy-259.wav,0,,,
drumGuy-26.wav,0,,,
drumGuy-260.wav,0,,,
drumGuy-261.wav,0,,,
drumGuy-262.wav,0,,,
drumGuy-263.wav,0,,,
drumGuy-264.wav,0,,,
drumGuy-265.wav,0,,,
drumGuy-266.wav,0,,,
drumGuy-267.wav,0,,,
drumGuy-268.wav,0,,,
drumGuy-269.wav,0,,,
drumGuy-27.wav,0,,,
drumGuy-270.wav,0,,,
drumGuy-271.wav,0,,,
drumGuy-272.wav,0,,,
drumGuy-273.wav,0,,,
drumGuy-274.wav,0,,,
drumGuy-275.wav,0,,,
drumGuy-276.wav,0,,,
drumGuy-277.wav,0,,,
drumGuy-278.wav,0,,,
drumGuy-279.wav,0,,,
drumGuy-28.wav,0,,,
drumGuy-280.wav,0,,,
drumGuy-281.wav,0,,,
drumGuy-282.wav,0,,,
drumGuy-283.wav,0,,,
drumGuy-284.wav,0,,,
drumGuy-285.wav,0,,,
drumGuy-286.wav,0,,,
drumGuy-287.wav,0,,,
drumGuy-288.wav,0,,,
drumGuy-289.wav,0,,,
drumGuy-29.wav,0,,,
drumGuy-290.wav,0,,,
drumGuy-291.wav,0,,,
drumGuy-292.wav,0,,,
drumGuy-293.wav,0,,,
drumGuy-294.wav,0,,,
drumGuy-295.wav,0,,,
drumGuy-296.wav,0,,,
drumGuy-297.wav,0,,,
drumGuy-298.wav,0,,,
drumGuy-299.wav,0,,,
drumGuy-3.wav,0,,,
drumGuy-30.wav,0,,,
drumGuy-300.wav,0,,,
drumGuy-301.wav,0,,,
drumGuy-302.wav,0,,,
drumGuy-303.wav,0,,,
drumGuy-304.wav,0,,,
drumGuy-305.wav,0,,,
drumGuy-306.wav,0,,,
drumGuy-307.wav,0,,,
drumGuy-308.wav,0,,,
drumGuy-309.wav,0,,,
drumGuy-31.wav,0,,,
drumGuy-310.wav,0,,,
drumGuy-311.wav,0,,,
drumGuy-312.wav,0,,,
drumGuy-313.wav,0,,,
drumGuy-314.wav,0,,,
drumGuy-315.wav,0,,,
drumGuy-316.wav,0,,,
drumGuy-317.wav,0,,,
drumGuy-318.wav,0,,,
drumGuy-319.wav,0,,,
drumGuy-32.wav,0,,,
drumGuy-320.wav,0,,,
drumGuy-321.wav,0,,,
drumGuy-322.wav,0,,,
drumGuy-33.wav,0,,,
drumGuy-34.wav,0,,,
drumGuy-35.wav,0,,,
drumGuy-36.wav,0,,,
drumGuy-37.wav,0,,,
drumGuy-38.wav,0,,,
drumGuy-39.wav,0,,,
drumGuy-4.wav,0,,,
drumGuy-40.wav,0,,,
drumGuy-41.wav,0,,,
drumGuy-42.wav,0,,,
drumGuy-43.wav,0,,,
drumGuy-44.wav,0,,,
drumGuy-45.wav,0,,,
drumGuy-46.wav,0,,,
drumGuy-47.wav,0,,,
drumGuy-48.wav,0,,,
drumGuy-49.wav,0,,,
drumGuy-5.wav,0,,,
drumGuy-50.wav,0,,,
drumGuy-51.wav,0,,,
drumGuy-52.wav,0,,,
drumGuy-53.wav,0,,,
drumGuy-54.wav,0,,,
drumGuy-55.wav,0,,,
drumGuy-56.wav,0,,,
drumGuy-57.wav,0,,,
drumGuy-58.wav,0,,,
drumGuy-59.wav,0,,,
drumGuy-6.wav,0,,,
drumGuy-60.wav,0,,,
drumGuy-61.wav,0,,,
drumGuy-62.wav,0,,,
drumGuy-63.wav,0,,,
drumGuy-64.wav,0,,,
drumGuy-65.wav,0,,,
drumGuy-66.wav,0,,,
drumGuy-67.wav,0,,,
drumGuy-68.wav,0,,,
drumGuy-69.wav,0,,,
drumGuy-7.wav,0,,,
drumGuy-70.wav,0,,,
drumGuy-71.wav,0,,,
drumGuy-72.wav,0,,,
drumGuy-73.wav,0,,,
drumGuy-74.wav,0,,,
drumGuy-75.wav,0,,,
drumGuy-76.wav,0,,,
drumGuy-77.wav,0,,,
drumGuy-78.wav,0,,,
drumGuy-79.wav,0,,,
drumGuy-8.wav,0,,,
drumGuy-80.wav,0,,,
drumGuy-81.wav,0,,,
drumGuy-82.wav,0,,,
drumGuy-83.wav,0,,,
drumGuy-84.wav,0,,,
drumGuy-85.wav,0,,,
drumGuy-86.wav,0,,,
drumGuy-87.wav,0,,,
drumGuy-88.wav,0,,,
drumGuy-89.wav,0,,,
drumGuy-9.wav,0,,,
drumGuy-90.wav,0,,,
drumGuy-91.wav,0,,,
drumGuy-92.wav,0,,,
drumGuy-93.wav,0,,,
drumGuy-94.wav,0,,,
drumGuy-95.wav,0,,,
drumGuy-96.wav,0,,,
drumGuy-97.wav,0,,,
drumGuy-98.wav,0,,,
drumGuy-99.wav,0,,,
hawk-0.wav,0,,,
hawk-1.wav,0,,,
hawk-10.wav,0,,,
hawk-11.wav,0,,,
hawk-12.wav,0,,,
hawk-13.wav,0,,,
hawk-14.wav,0,,,
hawk-15.wav,0,,,
hawk-16.wav,0,,,
hawk-17.wav,0,,,
hawk-18.wav,0,,,
hawk-19.wav,0,,,
hawk-2.wav,0,,,
hawk-20.wav,0,,,
hawk-21.wav,0,,,
hawk-22.wav,0,,,
hawk-3.wav,0,,,
hawk-4.wav,0,,,
hawk-5.wav,0,,,
hawk-6.wav,0,,,
hawk-7.wav,0,,,
hawk-8.wav,0,,,
hawk-9.wav,0,,,
instruments0-0.wav,0,,,
instruments0-1.wav,0,,,
instruments0-10.wav,0,,,
instruments0-100.wav,0,,,
instruments0-101.wav,0,,,
instruments0-11.wav,0,,,
instruments0-12.wav,0,,,
instruments0-13.wav,0,,,
instruments0-14.wav,0,,,
instruments0-15.wav,0,,,
instruments0-16.wav,0,,,
instruments0-17.wav,0,,,
instruments0-18.wav,0,,,
instruments0-19.wav,0,,,
instruments0-2.wav,0,,,
instruments0-20.wav,0,,,
instruments0-21.wav,0,,,
instruments0-22.wav,0,,,
instruments0-23.wav,0,,,
instruments0-24.wav,0,,,
instruments0-25.wav,0,,,
instruments0-26.wav,0,,,
instruments0-27.wav,0,,,
instruments0-28.wav,0,,,
instruments0-29.wav,0,,,
instruments0-3.wav,0,,,
instruments0-30.wav,0,,,
instruments0-31.wav,0,,,
instruments0-32.wav,0,,,
instruments0-33.wav,0,,,
instruments0-34.wav,0,,,
instruments0-35.wav,0,,,
instruments0-36.wav,0,,,
instruments0-37.wav,0,,,
instruments0-38.wav,0,,,
instruments0-39.wav,0,,,
instruments0-4.wav,0,,,
instruments0-40.wav,0,,,
instruments0-41.wav,0,,,
instruments0-42.wav,0,,,
instruments0-43.wav,0,,,
instruments0-44.wav,0,,,
instruments0-45.wav,0,,,
instruments0-46.wav,0,,,
instruments0-47.wav,0,,,
instruments0-48.wav,0,,,
instruments0-49.wav,0,,,
instruments0-5.wav,0,,,
instruments0-50.wav,0,,,
instruments0-51.wav,0,,,
instruments0-52.wav,0,,,
instruments0-53.wav,0,,,
instruments0-54.wav,0,,,
instruments0-55.wav,0,,,
instruments0-56.wav,0,,,
instruments0-57.wav,0,,,
instruments0-58.wav,0,,,
instruments0-59.wav,0,,,
instruments0-6.wav,0,,,
instruments0-60.wav,0,,,
instruments0-61.wav,0,,,
instruments0-62.wav,0,,,
instruments0-63.wav,0,,,
instruments0-64.wav,0,,,
instruments0-65.wav,0,,,
instruments0-66.wav,0,,,
instruments0-67.wav,0,,,
instruments0-68.wav,0,,,
instruments0-69.wav,0,,,
instruments0-7.wav,0,,,
instruments0-70.wav,0,,,
instruments0-71.wav,0,,,
instruments0-72.wav,0,,,
instruments0-73.wav,0,,,
instruments0-74.wav,0,,,
instruments0-75.wav,0,,,
instruments0-76.wav,0,,,
instruments0-77.wav,0,,,
instruments0-78.wav,0,,,
instruments0-79.wav,0,,,
instruments0-8.wav,0,,,
instruments0-80.wav,0,,,
instruments0-81.wav,0,,,
instruments0-82.wav,0,,,
instruments0-83.wav,0,,,
instruments0-84.wav,0,,,
instruments0-85.wav,0,,,
instruments0-86.wav,0,,,
instruments0-87.wav,0,,,
instruments0-88.wav,0,,,
instruments0-89.wav,0,,,
instruments0-9.wav,0,,,
instruments0-90.wav,0,,,
instruments0-91.wav,0,,,
instruments0-92.wav,0,,,
instruments0-93.wav,0,,,
instruments0-94.wav,0,,,
instruments0-95.wav,0,,,
instruments0-96.wav,0,,,
instruments0-97.wav,0,,,
instruments0-98.wav,0,,,
instruments0-99.wav,0,,,
instruments2-0.wav,0,,,
instruments2-1.wav,0,,,
instruments2-10.wav,0,,,
instruments2-11.wav,0,,,
instruments2-12.wav,0,,,
instruments2-13.wav,0,,,
instruments2-14.wav,0,,,
instruments2-15.wav,0,,,
instruments2-16.wav,0,,,
instruments2-17.wav,0,,,
instruments2-18.wav,0,,,
instruments2-19.wav,0,,,
instruments2-2.wav,0,,,
instruments2-20.wav,0,,,
instruments2-21.wav,0,,,
instruments2-22.wav,0,,,
instruments2-23.wav,0,,,
instruments2-24.wav,0,,,
instruments2-25.wav,0,,,
instruments2-26.wav,0,,,
instruments2-27.wav,0,,,
instruments2-28.wav,0,,,
instruments2-29.wav,0,,,
instruments2-3.wav,0,,,
instruments2-30.wav,0,,,
instruments2-31.wav,0,,,
instruments2-32.wav,0,,,
instruments2-33.wav,0,,,
instruments2-34.wav,0,,,
instruments2-35.wav,0,,,
instruments2-36.wav,0,,,
instruments2-37.wav,0,,,
instruments2-38.wav,0,,,
instruments2-39.wav,0,,,
instruments2-4.wav,0,,,
instruments2-40.wav,0,,,
instruments2-41.wav,0,,,
instruments2-42.wav,0,,,
instruments2-43.wav,0,,,
instruments2-44.wav,0,,,
instruments2-45.wav,0,,,
instruments2-46.wav,0,,,
instruments2-47.wav,0,,,
instruments2-48.wav,0,,,
instruments2-49.wav,0,,,
instruments2-5.wav,0,,,
instruments2-50.wav,0,,,
instruments2-51.wav,0,,,
instruments2-52.wav,0,,,
instruments2-53.wav,0,,,
instruments2-54.wav,0,,,
instruments2-55.wav,0,,,
instruments2-6.wav,0,,,
instruments2-7.wav,0,,,
instruments2-8.wav,0,,,
instruments2-9.wav,0,,,
monkey-0.wav,0,,,
monkey-1.wav,0,,,
monkey-10.wav,0,,,
monkey-11.wav,0,,,
monkey-12.wav,0,,,
monkey-13.wav,0,,,
monkey-14.wav,0,,,
monkey-15.wav,0,,,
monkey-16.wav,0,,,
monkey-17.wav,0,,,
monkey-18.wav,0,,,
monkey-19.wav,0,,,
monkey-2.wav,0,,,
monkey-20.wav,0,,,
monkey-21.wav,0,,,
monkey-22.wav,0,,,
monkey-23.wav,0,,,
monkey-24.wav,0,,,
monkey-25.wav,0,,,
monkey-26.wav,0,,,
monkey-27.wav,0,,,
monkey-28.wav,0,,,
monkey-29.wav,0,,,
monkey-3.wav,0,,,
monkey-30.wav,0,,,
monkey-31.wav,0,,,
monkey-32.wav,0,,,
monkey-33.wav,0,,,
monkey-34.wav,0,,,
monkey-35.wav,0,,,
monkey-36.wav,0,,,
monkey-37.wav,0,,,
monkey-38.wav,0,,,
monkey-39.wav,0,,,
monkey-4.wav,0,,,
monkey-40.wav,0,,,
monkey-41.wav,0,,,
monkey-42.wav,0,,,
monkey-43.wav,0,,,
monkey-44.wav,0,,,
monkey-45.wav,0,,,
monkey-46.wav,0,,,
monkey-47.wav,0,,,
monkey-5.wav,0,,,
monkey-6.wav,0,,,
monkey-7.wav,0,,,
monkey-8.wav,0,,,
monkey-9.wav,0,,,
pig noise-0.wav,0,,,
pig noise-1.wav,0,,,
pig noise-2.wav,0,,,
pig noise-3.wav,0,,,
Recording_1-0.wav,0,,,
Recording_1-1.wav,0,,,
Recording_1-10.wav,0,,,
Recording_1-11.wav,0,,,
Recording_1-12.wav,0,,,
Recording_1-13.wav,0,,,
Recording_1-14.wav,0,,,
Recording_1-15.wav,0,,,
Recording_1-16.wav,0,,,
Recording_1-17.wav,0,,,
Recording_1-18.wav,0,,,
Recording_1-19.wav,0,,,
Recording_1-2.wav,0,,,
Recording_1-20.wav,0,,,
Recording_1-21.wav,0,,,
Recording_1-22.wav,0,,,
Recording_1-23.wav,0,,,
Recording_1-24.wav,0,,,
Recording_1-25.wav,0,,,
Recording_1-26.wav,0,,,
Recording_1-27.wav,0,,,
Recording_1-28.wav,0,,,
Recording_1-29.wav,0,,,
Recording_1-3.wav,0,,,
Recording_1-30.wav,0,,,
Recording_1-31.wav,0,,,
Recording_1-32.wav,0,,,
Recording_1-33.wav,0,,,
Recording_1-34.wav,0,,,
Recording_1-35.wav,0,,,
Recording_1-36.wav,0,,,
Recording_1-37.wav,0,,,
Recording_1-38.wav,0,,,
Recording_1-39.wav,0,,,
Recording_1-4.wav,0,,,
Recording_1-40.wav,0,,,
Recording_1-41.wav,0,,,
Recording_1-42.wav,0,,,
Recording_1-43.wav,0,,,
Recording_1-44.wav,0,,,
Recording_1-45.wav,0,,,
Recording_1-46.wav,0,,,
Recording_1-47.wav,0,,,
Recording_1-48.wav,0,,,
Recording_1-49.wav,0,,,
Recording_1-5.wav,0,,,
Recording_1-50.wav,0,,,
Recording_1-51.wav,0,,,
Recording_1-52.wav,0,,,
Recording_1-53.wav,0,,,
Recording_1-54.wav,0,,,
Recording_1-55.wav,0,,,
Recording_1-56.wav,0,,,
Recording_1-57.wav,0,,,
Recording_1-58.wav,0,,,
Recording_1-59.wav,0,,,
Recording_1-6.wav,0,,,
Recording_1-60.wav,0,,,
Recording_1-61.wav,0,,,
Recording_1-62.wav,0,,,
Recording_1-7.wav,0,,,
Recording_1-8.wav,0,,,
Recording_1-9.wav,0,,,